FREQ;Frequency;BASE_CUR;Base Currency;QUOTE_CUR;Quote Currency;TENOR;Tenor;DECIMALS;CALCULATED;UNIT_MULT;Unit Multiplier;COLLECTION;Collection Indicator;TIME_PERIOD;OBS_VALUE
B;Business;EUR;Euro;NOK;Norwegian krone;SP;Spot;4;false;0;Units;C;ECB concertation time 14:15 CET;2025-01-02;11.7173
B;Business;EUR;Euro;NOK;Norwegian krone;SP;Spot;4;false;0;Units;C;ECB concertation time 14:15 CET;2025-01-03;11.713
B;Business;EUR;Euro;NOK;Norwegian krone;SP;Spot;4;false;0;Units;C;ECB concertation time 14:15 CET;2025-01-06;11.7095
B;Business;EUR;Euro;NOK;Norwegian krone;SP;Spot;4;false;0;Units;C;ECB concertation time 14:15 CET;2025-01-07;11.7385
B;Business;EUR;Euro;NOK;Norwegian krone;SP;Spot;4;false;0;Units;C;ECB concertation time 14:15 CET;2025-01-08;11.738
B;Business;EUR;Euro;NOK;Norwegian krone;SP;Spot;4;false;0;Units;C;ECB concertation time 14:15 CET;2025-01-09;11.7605
B;Business;EUR;Euro;NOK;Norwegian krone;SP;Spot;4;false;0;Units;C;ECB concertation time 14:15 CET;2025-01-10;11.757
B;Business;EUR;Euro;NOK;Norwegian krone;SP;Spot;4;false;0;Units;C;ECB concertation time 14:15 CET;2025-01-13;11.709
B;Business;EUR;Euro;NOK;Norwegian krone;SP;Spot;4;false;0;Units;C;ECB concertation time 14:15 CET;2025-01-14;11.7195
B;Business;EUR;Euro;NOK;Norwegian krone;SP;Spot;4;false;0;Units;C;ECB concertation time 14:15 CET;2025-01-15;11.7035
B;Business;EUR;Euro;NOK;Norwegian krone;SP;Spot;4;false;0;Units;C;ECB concertation time 14:15 CET;2025-01-16;11.6965
B;Business;EUR;Euro;NOK;Norwegian krone;SP;Spot;4;false;0;Units;C;ECB concertation time 14:15 CET;2025-01-17;11.759
B;Business;EUR;Euro;NOK;Norwegian krone;SP;Spot;4;false;0;Units;C;ECB concertation time 14:15 CET;2025-01-20;11.7665
B;Business;EUR;Euro;NOK;Norwegian krone;SP;Spot;4;false;0;Units;C;ECB concertation time 14:15 CET;2025-01-21;11.817
B;Business;EUR;Euro;NOK;Norwegian krone;SP;Spot;4;false;0;Units;C;ECB concertation time 14:15 CET;2025-01-22;11.7525
B;Business;EUR;Euro;NOK;Norwegian krone;SP;Spot;4;false;0;Units;C;ECB concertation time 14:15 CET;2025-01-23;11.7305
B;Business;EUR;Euro;NOK;Norwegian krone;SP;Spot;4;false;0;Units;C;ECB concertation time 14:15 CET;2025-01-24;11.7495
B;Business;EUR;Euro;NOK;Norwegian krone;SP;Spot;4;false;0;Units;C;ECB concertation time 14:15 CET;2025-01-27;11.8095
B;Business;EUR;Euro;NOK;Norwegian krone;SP;Spot;4;false;0;Units;C;ECB concertation time 14:15 CET;2025-01-28;11.7785
B;Business;EUR;Euro;NOK;Norwegian krone;SP;Spot;4;false;0;Units;C;ECB concertation time 14:15 CET;2025-01-29;11.7785
B;Business;EUR;Euro;NOK;Norwegian krone;SP;Spot;4;false;0;Units;C;ECB concertation time 14:15 CET;2025-01-30;11.7615
B;Business;EUR;Euro;NOK;Norwegian krone;SP;Spot;4;false;0;Units;C;ECB concertation time 14:15 CET;2025-01-31;11.7373
B;Business;EUR;Euro;NOK;Norwegian krone;SP;Spot;4;false;0;Units;C;ECB concertation time 14:15 CET;2025-02-03;11.7138
B;Business;EUR;Euro;NOK;Norwegian krone;SP;Spot;4;false;0;Units;C;ECB concertation time 14:15 CET;2025-02-04;11.721
B;Business;EUR;Euro;NOK;Norwegian krone;SP;Spot;4;false;0;Units;C;ECB concertation time 14:15 CET;2025-02-05;11.6693
B;Business;EUR;Euro;NOK;Norwegian krone;SP;Spot;4;false;0;Units;C;ECB concertation time 14:15 CET;2025-02-06;11.6585
B;Business;EUR;Euro;NOK;Norwegian krone;SP;Spot;4;false;0;Units;C;ECB concertation time 14:15 CET;2025-02-07;11.625
B;Business;EUR;Euro;NOK;Norwegian krone;SP;Spot;4;false;0;Units;C;ECB concertation time 14:15 CET;2025-02-10;11.5745
B;Business;EUR;Euro;NOK;Norwegian krone;SP;Spot;4;false;0;Units;C;ECB concertation time 14:15 CET;2025-02-11;11.5755
B;Business;EUR;Euro;NOK;Norwegian krone;SP;Spot;4;false;0;Units;C;ECB concertation time 14:15 CET;2025-02-12;11.662
B;Business;EUR;Euro;NOK;Norwegian krone;SP;Spot;4;false;0;Units;C;ECB concertation time 14:15 CET;2025-02-13;11.7145
B;Business;EUR;Euro;NOK;Norwegian krone;SP;Spot;4;false;0;Units;C;ECB concertation time 14:15 CET;2025-02-14;11.6515
B;Business;EUR;Euro;NOK;Norwegian krone;SP;Spot;4;false;0;Units;C;ECB concertation time 14:15 CET;2025-02-17;11.6415
B;Business;EUR;Euro;NOK;Norwegian krone;SP;Spot;4;false;0;Units;C;ECB concertation time 14:15 CET;2025-02-18;11.659
B;Business;EUR;Euro;NOK;Norwegian krone;SP;Spot;4;false;0;Units;C;ECB concertation time 14:15 CET;2025-02-19;11.629
B;Business;EUR;Euro;NOK;Norwegian krone;SP;Spot;4;false;0;Units;C;ECB concertation time 14:15 CET;2025-02-20;11.609
B;Business;EUR;Euro;NOK;Norwegian krone;SP;Spot;4;false;0;Units;C;ECB concertation time 14:15 CET;2025-02-21;11.629
B;Business;EUR;Euro;NOK;Norwegian krone;SP;Spot;4;false;0;Units;C;ECB concertation time 14:15 CET;2025-02-24;11.6355
B;Business;EUR;Euro;NOK;Norwegian krone;SP;Spot;4;false;0;Units;C;ECB concertation time 14:15 CET;2025-02-25;11.6638
B;Business;EUR;Euro;NOK;Norwegian krone;SP;Spot;4;false;0;Units;C;ECB concertation time 14:15 CET;2025-02-26;11.6895
B;Business;EUR;Euro;NOK;Norwegian krone;SP;Spot;4;false;0;Units;C;ECB concertation time 14:15 CET;2025-02-27;11.7015
B;Business;EUR;Euro;NOK;Norwegian krone;SP;Spot;4;false;0;Units;C;ECB concertation time 14:15 CET;2025-02-28;11.7245
B;Business;EUR;Euro;NOK;Norwegian krone;SP;Spot;4;false;0;Units;C;ECB concertation time 14:15 CET;2025-03-03;11.695
B;Business;EUR;Euro;NOK;Norwegian krone;SP;Spot;4;false;0;Units;C;ECB concertation time 14:15 CET;2025-03-04;11.808
B;Business;EUR;Euro;NOK;Norwegian krone;SP;Spot;4;false;0;Units;C;ECB concertation time 14:15 CET;2025-03-05;11.82
B;Business;EUR;Euro;NOK;Norwegian krone;SP;Spot;4;false;0;Units;C;ECB concertation time 14:15 CET;2025-03-06;11.716
B;Business;EUR;Euro;NOK;Norwegian krone;SP;Spot;4;false;0;Units;C;ECB concertation time 14:15 CET;2025-03-07;11.759
B;Business;EUR;Euro;NOK;Norwegian krone;SP;Spot;4;false;0;Units;C;ECB concertation time 14:15 CET;2025-03-10;11.6705
B;Business;EUR;Euro;NOK;Norwegian krone;SP;Spot;4;false;0;Units;C;ECB concertation time 14:15 CET;2025-03-11;11.634
B;Business;EUR;Euro;NOK;Norwegian krone;SP;Spot;4;false;0;Units;C;ECB concertation time 14:15 CET;2025-03-12;11.6085
B;Business;EUR;Euro;NOK;Norwegian krone;SP;Spot;4;false;0;Units;C;ECB concertation time 14:15 CET;2025-03-13;11.5975
B;Business;EUR;Euro;NOK;Norwegian krone;SP;Spot;4;false;0;Units;C;ECB concertation time 14:15 CET;2025-03-14;11.62
B;Business;EUR;Euro;NOK;Norwegian krone;SP;Spot;4;false;0;Units;C;ECB concertation time 14:15 CET;2025-03-17;11.5283
B;Business;EUR;Euro;NOK;Norwegian krone;SP;Spot;4;false;0;Units;C;ECB concertation time 14:15 CET;2025-03-18;11.528
B;Business;EUR;Euro;NOK;Norwegian krone;SP;Spot;4;false;0;Units;C;ECB concertation time 14:15 CET;2025-03-19;11.505
B;Business;EUR;Euro;NOK;Norwegian krone;SP;Spot;4;false;0;Units;C;ECB concertation time 14:15 CET;2025-03-20;11.5025
B;Business;EUR;Euro;NOK;Norwegian krone;SP;Spot;4;false;0;Units;C;ECB concertation time 14:15 CET;2025-03-21;11.401
B;Business;EUR;Euro;NOK;Norwegian krone;SP;Spot;4;false;0;Units;C;ECB concertation time 14:15 CET;2025-03-24;11.3795
B;Business;EUR;Euro;NOK;Norwegian krone;SP;Spot;4;false;0;Units;C;ECB concertation time 14:15 CET;2025-03-25;11.309
B;Business;EUR;Euro;NOK;Norwegian krone;SP;Spot;4;false;0;Units;C;ECB concertation time 14:15 CET;2025-03-26;11.3585
B;Business;EUR;Euro;NOK;Norwegian krone;SP;Spot;4;false;0;Units;C;ECB concertation time 14:15 CET;2025-03-27;11.3435
B;Business;EUR;Euro;NOK;Norwegian krone;SP;Spot;4;false;0;Units;C;ECB concertation time 14:15 CET;2025-03-28;11.294
B;Business;EUR;Euro;NOK;Norwegian krone;SP;Spot;4;false;0;Units;C;ECB concertation time 14:15 CET;2025-03-31;11.413
B;Business;EUR;Euro;NOK;Norwegian krone;SP;Spot;4;false;0;Units;C;ECB concertation time 14:15 CET;2025-04-01;11.318
B;Business;EUR;Euro;NOK;Norwegian krone;SP;Spot;4;false;0;Units;C;ECB concertation time 14:15 CET;2025-04-02;11.2745
B;Business;EUR;Euro;NOK;Norwegian krone;SP;Spot;4;false;0;Units;C;ECB concertation time 14:15 CET;2025-04-03;11.4235
B;Business;EUR;Euro;NOK;Norwegian krone;SP;Spot;4;false;0;Units;C;ECB concertation time 14:15 CET;2025-04-04;11.6815
B;Business;EUR;Euro;NOK;Norwegian krone;SP;Spot;4;false;0;Units;C;ECB concertation time 14:15 CET;2025-04-07;11.9545
B;Business;EUR;Euro;NOK;Norwegian krone;SP;Spot;4;false;0;Units;C;ECB concertation time 14:15 CET;2025-04-08;11.9505
B;Business;EUR;Euro;NOK;Norwegian krone;SP;Spot;4;false;0;Units;C;ECB concertation time 14:15 CET;2025-04-09;12.1195
B;Business;EUR;Euro;NOK;Norwegian krone;SP;Spot;4;false;0;Units;C;ECB concertation time 14:15 CET;2025-04-10;11.9815
B;Business;EUR;Euro;NOK;Norwegian krone;SP;Spot;4;false;0;Units;C;ECB concertation time 14:15 CET;2025-04-11;12.1005
B;Business;EUR;Euro;NOK;Norwegian krone;SP;Spot;4;false;0;Units;C;ECB concertation time 14:15 CET;2025-04-14;12.0205
B;Business;EUR;Euro;NOK;Norwegian krone;SP;Spot;4;false;0;Units;C;ECB concertation time 14:15 CET;2025-04-15;11.9726
B;Business;EUR;Euro;NOK;Norwegian krone;SP;Spot;4;false;0;Units;C;ECB concertation time 14:15 CET;2025-04-16;12.0725
B;Business;EUR;Euro;NOK;Norwegian krone;SP;Spot;4;false;0;Units;C;ECB concertation time 14:15 CET;2025-04-22;11.8885
B;Business;EUR;Euro;NOK;Norwegian krone;SP;Spot;4;false;0;Units;C;ECB concertation time 14:15 CET;2025-04-23;11.891
B;Business;EUR;Euro;NOK;Norwegian krone;SP;Spot;4;false;0;Units;C;ECB concertation time 14:15 CET;2025-04-24;11.8285
B;Business;EUR;Euro;NOK;Norwegian krone;SP;Spot;4;false;0;Units;C;ECB concertation time 14:15 CET;2025-04-25;11.8415
B;Business;EUR;Euro;NOK;Norwegian krone;SP;Spot;4;false;0;Units;C;ECB concertation time 14:15 CET;2025-04-28;11.8615
B;Business;EUR;Euro;NOK;Norwegian krone;SP;Spot;4;false;0;Units;C;ECB concertation time 14:15 CET;2025-04-29;11.8045
B;Business;EUR;Euro;NOK;Norwegian krone;SP;Spot;4;false;0;Units;C;ECB concertation time 14:15 CET;2025-04-30;11.809
B;Business;EUR;Euro;NOK;Norwegian krone;SP;Spot;4;false;0;Units;C;ECB concertation time 14:15 CET;2025-05-02;11.7585
B;Business;EUR;Euro;NOK;Norwegian krone;SP;Spot;4;false;0;Units;C;ECB concertation time 14:15 CET;2025-05-05;11.7885
B;Business;EUR;Euro;NOK;Norwegian krone;SP;Spot;4;false;0;Units;C;ECB concertation time 14:15 CET;2025-05-06;11.7015
B;Business;EUR;Euro;NOK;Norwegian krone;SP;Spot;4;false;0;Units;C;ECB concertation time 14:15 CET;2025-05-07;11.6715
B;Business;EUR;Euro;NOK;Norwegian krone;SP;Spot;4;false;0;Units;C;ECB concertation time 14:15 CET;2025-05-08;11.688
B;Business;EUR;Euro;NOK;Norwegian krone;SP;Spot;4;false;0;Units;C;ECB concertation time 14:15 CET;2025-05-09;11.6725
B;Business;EUR;Euro;NOK;Norwegian krone;SP;Spot;4;false;0;Units;C;ECB concertation time 14:15 CET;2025-05-12;11.596
B;Business;EUR;Euro;NOK;Norwegian krone;SP;Spot;4;false;0;Units;C;ECB concertation time 14:15 CET;2025-05-13;11.5733
B;Business;EUR;Euro;NOK;Norwegian krone;SP;Spot;4;false;0;Units;C;ECB concertation time 14:15 CET;2025-05-14;11.5715
B;Business;EUR;Euro;NOK;Norwegian krone;SP;Spot;4;false;0;Units;C;ECB concertation time 14:15 CET;2025-05-15;11.65
B;Business;EUR;Euro;NOK;Norwegian krone;SP;Spot;4;false;0;Units;C;ECB concertation time 14:15 CET;2025-05-16;11.635
B;Business;EUR;Euro;NOK;Norwegian krone;SP;Spot;4;false;0;Units;C;ECB concertation time 14:15 CET;2025-05-19;11.5955
B;Business;EUR;Euro;NOK;Norwegian krone;SP;Spot;4;false;0;Units;C;ECB concertation time 14:15 CET;2025-05-20;11.5955
B;Business;EUR;Euro;NOK;Norwegian krone;SP;Spot;4;false;0;Units;C;ECB concertation time 14:15 CET;2025-05-21;11.484
B;Business;EUR;Euro;NOK;Norwegian krone;SP;Spot;4;false;0;Units;C;ECB concertation time 14:15 CET;2025-05-22;11.5155
B;Business;EUR;Euro;NOK;Norwegian krone;SP;Spot;4;false;0;Units;C;ECB concertation time 14:15 CET;2025-05-23;11.522
B;Business;EUR;Euro;NOK;Norwegian krone;SP;Spot;4;false;0;Units;C;ECB concertation time 14:15 CET;2025-05-26;11.484
B;Business;EUR;Euro;NOK;Norwegian krone;SP;Spot;4;false;0;Units;C;ECB concertation time 14:15 CET;2025-05-27;11.506
B;Business;EUR;Euro;NOK;Norwegian krone;SP;Spot;4;false;0;Units;C;ECB concertation time 14:15 CET;2025-05-28;11.4945
B;Business;EUR;Euro;NOK;Norwegian krone;SP;Spot;4;false;0;Units;C;ECB concertation time 14:15 CET;2025-05-30;11.5408
B;Business;EUR;Euro;NOK;Norwegian krone;SP;Spot;4;false;0;Units;C;ECB concertation time 14:15 CET;2025-06-02;11.51
B;Business;EUR;Euro;NOK;Norwegian krone;SP;Spot;4;false;0;Units;C;ECB concertation time 14:15 CET;2025-06-03;11.533
B;Business;EUR;Euro;NOK;Norwegian krone;SP;Spot;4;false;0;Units;C;ECB concertation time 14:15 CET;2025-06-04;11.5185
B;Business;EUR;Euro;NOK;Norwegian krone;SP;Spot;4;false;0;Units;C;ECB concertation time 14:15 CET;2025-06-05;11.5265
B;Business;EUR;Euro;NOK;Norwegian krone;SP;Spot;4;false;0;Units;C;ECB concertation time 14:15 CET;2025-06-06;11.524
B;Business;EUR;Euro;NOK;Norwegian krone;SP;Spot;4;false;0;Units;C;ECB concertation time 14:15 CET;2025-06-10;11.5073
B;Business;EUR;Euro;NOK;Norwegian krone;SP;Spot;4;false;0;Units;C;ECB concertation time 14:15 CET;2025-06-11;11.566
B;Business;EUR;Euro;NOK;Norwegian krone;SP;Spot;4;false;0;Units;C;ECB concertation time 14:15 CET;2025-06-12;11.574
B;Business;EUR;Euro;NOK;Norwegian krone;SP;Spot;4;false;0;Units;C;ECB concertation time 14:15 CET;2025-06-13;11.4435
B;Business;EUR;Euro;NOK;Norwegian krone;SP;Spot;4;false;0;Units;C;ECB concertation time 14:15 CET;2025-06-16;11.467
B;Business;EUR;Euro;NOK;Norwegian krone;SP;Spot;4;false;0;Units;C;ECB concertation time 14:15 CET;2025-06-17;11.4175
B;Business;EUR;Euro;NOK;Norwegian krone;SP;Spot;4;false;0;Units;C;ECB concertation time 14:15 CET;2025-06-18;11.4435
B;Business;EUR;Euro;NOK;Norwegian krone;SP;Spot;4;false;0;Units;C;ECB concertation time 14:15 CET;2025-06-19;11.5315
B;Business;EUR;Euro;NOK;Norwegian krone;SP;Spot;4;false;0;Units;C;ECB concertation time 14:15 CET;2025-06-20;11.598
B;Business;EUR;Euro;NOK;Norwegian krone;SP;Spot;4;false;0;Units;C;ECB concertation time 14:15 CET;2025-06-23;11.6635
B;Business;EUR;Euro;NOK;Norwegian krone;SP;Spot;4;false;0;Units;C;ECB concertation time 14:15 CET;2025-06-24;11.713
B;Business;EUR;Euro;NOK;Norwegian krone;SP;Spot;4;false;0;Units;C;ECB concertation time 14:15 CET;2025-06-25;11.782
B;Business;EUR;Euro;NOK;Norwegian krone;SP;Spot;4;false;0;Units;C;ECB concertation time 14:15 CET;2025-06-26;11.8125
B;Business;EUR;Euro;NOK;Norwegian krone;SP;Spot;4;false;0;Units;C;ECB concertation time 14:15 CET;2025-06-27;11.792
B;Business;EUR;Euro;NOK;Norwegian krone;SP;Spot;4;false;0;Units;C;ECB concertation time 14:15 CET;2025-06-30;11.8345
B;Business;EUR;Euro;NOK;Norwegian krone;SP;Spot;4;false;0;Units;C;ECB concertation time 14:15 CET;2025-07-01;11.8445
B;Business;EUR;Euro;NOK;Norwegian krone;SP;Spot;4;false;0;Units;C;ECB concertation time 14:15 CET;2025-07-02;11.878
B;Business;EUR;Euro;NOK;Norwegian krone;SP;Spot;4;false;0;Units;C;ECB concertation time 14:15 CET;2025-07-03;11.875
B;Business;EUR;Euro;NOK;Norwegian krone;SP;Spot;4;false;0;Units;C;ECB concertation time 14:15 CET;2025-07-04;11.847
B;Business;EUR;Euro;NOK;Norwegian krone;SP;Spot;4;false;0;Units;C;ECB concertation time 14:15 CET;2025-07-07;11.8755
B;Business;EUR;Euro;NOK;Norwegian krone;SP;Spot;4;false;0;Units;C;ECB concertation time 14:15 CET;2025-07-08;11.8295
B;Business;EUR;Euro;NOK;Norwegian krone;SP;Spot;4;false;0;Units;C;ECB concertation time 14:15 CET;2025-07-09;11.83
B;Business;EUR;Euro;NOK;Norwegian krone;SP;Spot;4;false;0;Units;C;ECB concertation time 14:15 CET;2025-07-10;11.803
B;Business;EUR;Euro;NOK;Norwegian krone;SP;Spot;4;false;0;Units;C;ECB concertation time 14:15 CET;2025-07-11;11.8305
B;Business;EUR;Euro;NOK;Norwegian krone;SP;Spot;4;false;0;Units;C;ECB concertation time 14:15 CET;2025-07-14;11.803
B;Business;EUR;Euro;NOK;Norwegian krone;SP;Spot;4;false;0;Units;C;ECB concertation time 14:15 CET;2025-07-15;11.8715
B;Business;EUR;Euro;NOK;Norwegian krone;SP;Spot;4;false;0;Units;C;ECB concertation time 14:15 CET;2025-07-16;11.946
B;Business;EUR;Euro;NOK;Norwegian krone;SP;Spot;4;false;0;Units;C;ECB concertation time 14:15 CET;2025-07-17;11.9675
B;Business;EUR;Euro;NOK;Norwegian krone;SP;Spot;4;false;0;Units;C;ECB concertation time 14:15 CET;2025-07-18;11.8335
B;Business;EUR;Euro;NOK;Norwegian krone;SP;Spot;4;false;0;Units;C;ECB concertation time 14:15 CET;2025-07-21;11.866
B;Business;EUR;Euro;NOK;Norwegian krone;SP;Spot;4;false;0;Units;C;ECB concertation time 14:15 CET;2025-07-22;11.8845
B;Business;EUR;Euro;NOK;Norwegian krone;SP;Spot;4;false;0;Units;C;ECB concertation time 14:15 CET;2025-07-23;11.8415
B;Business;EUR;Euro;NOK;Norwegian krone;SP;Spot;4;false;0;Units;C;ECB concertation time 14:15 CET;2025-07-24;11.8765
B;Business;EUR;Euro;NOK;Norwegian krone;SP;Spot;4;false;0;Units;C;ECB concertation time 14:15 CET;2025-07-25;11.8995
B;Business;EUR;Euro;NOK;Norwegian krone;SP;Spot;4;false;0;Units;C;ECB concertation time 14:15 CET;2025-07-28;11.8625
B;Business;EUR;Euro;NOK;Norwegian krone;SP;Spot;4;false;0;Units;C;ECB concertation time 14:15 CET;2025-07-29;11.8165
B;Business;EUR;Euro;NOK;Norwegian krone;SP;Spot;4;false;0;Units;C;ECB concertation time 14:15 CET;2025-07-30;11.7795
B;Business;EUR;Euro;NOK;Norwegian krone;SP;Spot;4;false;0;Units;C;ECB concertation time 14:15 CET;2025-07-31;11.774
B;Business;EUR;Euro;NOK;Norwegian krone;SP;Spot;4;false;0;Units;C;ECB concertation time 14:15 CET;2025-08-01;11.8128
B;Business;EUR;Euro;NOK;Norwegian krone;SP;Spot;4;false;0;Units;C;ECB concertation time 14:15 CET;2025-08-04;11.8745
B;Business;EUR;Euro;NOK;Norwegian krone;SP;Spot;4;false;0;Units;C;ECB concertation time 14:15 CET;2025-08-05;11.857
B;Business;EUR;Euro;NOK;Norwegian krone;SP;Spot;4;false;0;Units;C;ECB concertation time 14:15 CET;2025-08-06;11.8515
B;Business;EUR;Euro;NOK;Norwegian krone;SP;Spot;4;false;0;Units;C;ECB concertation time 14:15 CET;2025-08-07;11.8903
B;Business;EUR;Euro;NOK;Norwegian krone;SP;Spot;4;false;0;Units;C;ECB concertation time 14:15 CET;2025-08-08;11.954
B;Business;EUR;Euro;NOK;Norwegian krone;SP;Spot;4;false;0;Units;C;ECB concertation time 14:15 CET;2025-08-11;11.905
B;Business;EUR;Euro;NOK;Norwegian krone;SP;Spot;4;false;0;Units;C;ECB concertation time 14:15 CET;2025-08-12;11.8938
B;Business;EUR;Euro;NOK;Norwegian krone;SP;Spot;4;false;0;Units;C;ECB concertation time 14:15 CET;2025-08-13;11.944
B;Business;EUR;Euro;NOK;Norwegian krone;SP;Spot;4;false;0;Units;C;ECB concertation time 14:15 CET;2025-08-14;11.9215
B;Business;EUR;Euro;NOK;Norwegian krone;SP;Spot;4;false;0;Units;C;ECB concertation time 14:15 CET;2025-08-15;11.896
B;Business;EUR;Euro;NOK;Norwegian krone;SP;Spot;4;false;0;Units;C;ECB concertation time 14:15 CET;2025-08-18;11.884
B;Business;EUR;Euro;NOK;Norwegian krone;SP;Spot;4;false;0;Units;C;ECB concertation time 14:15 CET;2025-08-19;11.928
B;Business;EUR;Euro;NOK;Norwegian krone;SP;Spot;4;false;0;Units;C;ECB concertation time 14:15 CET;2025-08-20;11.9505
B;Business;EUR;Euro;NOK;Norwegian krone;SP;Spot;4;false;0;Units;C;ECB concertation time 14:15 CET;2025-08-21;11.8505
B;Business;EUR;Euro;NOK;Norwegian krone;SP;Spot;4;false;0;Units;C;ECB concertation time 14:15 CET;2025-08-22;11.8325
B;Business;EUR;Euro;NOK;Norwegian krone;SP;Spot;4;false;0;Units;C;ECB concertation time 14:15 CET;2025-08-25;11.8085
B;Business;EUR;Euro;NOK;Norwegian krone;SP;Spot;4;false;0;Units;C;ECB concertation time 14:15 CET;2025-08-26;11.836
B;Business;EUR;Euro;NOK;Norwegian krone;SP;Spot;4;false;0;Units;C;ECB concertation time 14:15 CET;2025-08-27;11.786
B;Business;EUR;Euro;NOK;Norwegian krone;SP;Spot;4;false;0;Units;C;ECB concertation time 14:15 CET;2025-08-28;11.748
B;Business;EUR;Euro;NOK;Norwegian krone;SP;Spot;4;false;0;Units;C;ECB concertation time 14:15 CET;2025-08-29;11.7465
B;Business;EUR;Euro;NOK;Norwegian krone;SP;Spot;4;false;0;Units;C;ECB concertation time 14:15 CET;2025-09-01;11.7315
B;Business;EUR;Euro;NOK;Norwegian krone;SP;Spot;4;false;0;Units;C;ECB concertation time 14:15 CET;2025-09-02;11.674
B;Business;EUR;Euro;NOK;Norwegian krone;SP;Spot;4;false;0;Units;C;ECB concertation time 14:15 CET;2025-09-03;11.7
B;Business;EUR;Euro;NOK;Norwegian krone;SP;Spot;4;false;0;Units;C;ECB concertation time 14:15 CET;2025-09-04;11.753
B;Business;EUR;Euro;NOK;Norwegian krone;SP;Spot;4;false;0;Units;C;ECB concertation time 14:15 CET;2025-09-05;11.7505
B;Business;EUR;Euro;NOK;Norwegian krone;SP;Spot;4;false;0;Units;C;ECB concertation time 14:15 CET;2025-09-08;11.7125
B;Business;EUR;Euro;NOK;Norwegian krone;SP;Spot;4;false;0;Units;C;ECB concertation time 14:15 CET;2025-09-09;11.7105
B;Business;EUR;Euro;NOK;Norwegian krone;SP;Spot;4;false;0;Units;C;ECB concertation time 14:15 CET;2025-09-10;11.6195
B;Business;EUR;Euro;NOK;Norwegian krone;SP;Spot;4;false;0;Units;C;ECB concertation time 14:15 CET;2025-09-11;11.612
B;Business;EUR;Euro;NOK;Norwegian krone;SP;Spot;4;false;0;Units;C;ECB concertation time 14:15 CET;2025-09-12;11.5845
B;Business;EUR;Euro;NOK;Norwegian krone;SP;Spot;4;false;0;Units;C;ECB concertation time 14:15 CET;2025-09-15;11.5565
B;Business;EUR;Euro;NOK;Norwegian krone;SP;Spot;4;false;0;Units;C;ECB concertation time 14:15 CET;2025-09-16;11.59
B;Business;EUR;Euro;NOK;Norwegian krone;SP;Spot;4;false;0;Units;C;ECB concertation time 14:15 CET;2025-09-17;11.626
B;Business;EUR;Euro;NOK;Norwegian krone;SP;Spot;4;false;0;Units;C;ECB concertation time 14:15 CET;2025-09-18;11.587
B;Business;EUR;Euro;NOK;Norwegian krone;SP;Spot;4;false;0;Units;C;ECB concertation time 14:15 CET;2025-09-19;11.6705
B;Business;EUR;Euro;NOK;Norwegian krone;SP;Spot;4;false;0;Units;C;ECB concertation time 14:15 CET;2025-09-22;11.7025
B;Business;EUR;Euro;NOK;Norwegian krone;SP;Spot;4;false;0;Units;C;ECB concertation time 14:15 CET;2025-09-23;11.672
B;Business;EUR;Euro;NOK;Norwegian krone;SP;Spot;4;false;0;Units;C;ECB concertation time 14:15 CET;2025-09-24;11.688
B;Business;EUR;Euro;NOK;Norwegian krone;SP;Spot;4;false;0;Units;C;ECB concertation time 14:15 CET;2025-09-25;11.689
B;Business;EUR;Euro;NOK;Norwegian krone;SP;Spot;4;false;0;Units;C;ECB concertation time 14:15 CET;2025-09-26;11.7105
B;Business;EUR;Euro;NOK;Norwegian krone;SP;Spot;4;false;0;Units;C;ECB concertation time 14:15 CET;2025-09-29;11.6775
B;Business;EUR;Euro;NOK;Norwegian krone;SP;Spot;4;false;0;Units;C;ECB concertation time 14:15 CET;2025-09-30;11.7265
B;Business;EUR;Euro;NOK;Norwegian krone;SP;Spot;4;false;0;Units;C;ECB concertation time 14:15 CET;2025-10-01;11.658
B;Business;EUR;Euro;NOK;Norwegian krone;SP;Spot;4;false;0;Units;C;ECB concertation time 14:15 CET;2025-10-02;11.675
B;Business;EUR;Euro;NOK;Norwegian krone;SP;Spot;4;false;0;Units;C;ECB concertation time 14:15 CET;2025-10-03;11.6745
B;Business;EUR;Euro;NOK;Norwegian krone;SP;Spot;4;false;0;Units;C;ECB concertation time 14:15 CET;2025-10-06;11.621
B;Business;EUR;Euro;NOK;Norwegian krone;SP;Spot;4;false;0;Units;C;ECB concertation time 14:15 CET;2025-10-07;11.6025
B;Business;EUR;Euro;NOK;Norwegian krone;SP;Spot;4;false;0;Units;C;ECB concertation time 14:15 CET;2025-10-08;11.6125
B;Business;EUR;Euro;NOK;Norwegian krone;SP;Spot;4;false;0;Units;C;ECB concertation time 14:15 CET;2025-10-09;11.624
B;Business;EUR;Euro;NOK;Norwegian krone;SP;Spot;4;false;0;Units;C;ECB concertation time 14:15 CET;2025-10-10;11.6775
B;Business;EUR;Euro;NOK;Norwegian krone;SP;Spot;4;false;0;Units;C;ECB concertation time 14:15 CET;2025-10-13;11.679
B;Business;EUR;Euro;NOK;Norwegian krone;SP;Spot;4;false;0;Units;C;ECB concertation time 14:15 CET;2025-10-14;11.7725
B;Business;EUR;Euro;NOK;Norwegian krone;SP;Spot;4;false;0;Units;C;ECB concertation time 14:15 CET;2025-10-15;11.7225
B;Business;EUR;Euro;NOK;Norwegian krone;SP;Spot;4;false;0;Units;C;ECB concertation time 14:15 CET;2025-10-16;11.734
B;Business;EUR;Euro;NOK;Norwegian krone;SP;Spot;4;false;0;Units;C;ECB concertation time 14:15 CET;2025-10-17;11.7293
B;Business;EUR;Euro;NOK;Norwegian krone;SP;Spot;4;false;0;Units;C;ECB concertation time 14:15 CET;2025-10-20;11.7415
B;Business;EUR;Euro;NOK;Norwegian krone;SP;Spot;4;false;0;Units;C;ECB concertation time 14:15 CET;2025-10-21;11.6693
B;Business;EUR;Euro;NOK;Norwegian krone;SP;Spot;4;false;0;Units;C;ECB concertation time 14:15 CET;2025-10-22;11.643
B;Business;EUR;Euro;NOK;Norwegian krone;SP;Spot;4;false;0;Units;C;ECB concertation time 14:15 CET;2025-10-23;11.583
B;Business;EUR;Euro;NOK;Norwegian krone;SP;Spot;4;false;0;Units;C;ECB concertation time 14:15 CET;2025-10-24;11.6185
B;Business;EUR;Euro;NOK;Norwegian krone;SP;Spot;4;false;0;Units;C;ECB concertation time 14:15 CET;2025-10-27;11.632
B;Business;EUR;Euro;NOK;Norwegian krone;SP;Spot;4;false;0;Units;C;ECB concertation time 14:15 CET;2025-10-28;11.6335
B;Business;EUR;Euro;NOK;Norwegian krone;SP;Spot;4;false;0;Units;C;ECB concertation time 14:15 CET;2025-10-29;11.6385
B;Business;EUR;Euro;NOK;Norwegian krone;SP;Spot;4;false;0;Units;C;ECB concertation time 14:15 CET;2025-10-30;11.6648
B;Business;EUR;Euro;NOK;Norwegian krone;SP;Spot;4;false;0;Units;C;ECB concertation time 14:15 CET;2025-10-31;11.6485
B;Business;EUR;Euro;NOK;Norwegian krone;SP;Spot;4;false;0;Units;C;ECB concertation time 14:15 CET;2025-11-03;11.648
B;Business;EUR;Euro;NOK;Norwegian krone;SP;Spot;4;false;0;Units;C;ECB concertation time 14:15 CET;2025-11-04;11.7265
B;Business;EUR;Euro;NOK;Norwegian krone;SP;Spot;4;false;0;Units;C;ECB concertation time 14:15 CET;2025-11-05;11.749
B;Business;EUR;Euro;NOK;Norwegian krone;SP;Spot;4;false;0;Units;C;ECB concertation time 14:15 CET;2025-11-06;11.7265
B;Business;EUR;Euro;NOK;Norwegian krone;SP;Spot;4;false;0;Units;C;ECB concertation time 14:15 CET;2025-11-07;11.78
B;Business;EUR;Euro;NOK;Norwegian krone;SP;Spot;4;false;0;Units;C;ECB concertation time 14:15 CET;2025-11-10;11.6885
B;Business;EUR;Euro;NOK;Norwegian krone;SP;Spot;4;false;0;Units;C;ECB concertation time 14:15 CET;2025-11-11;11.6605
B;Business;EUR;Euro;NOK;Norwegian krone;SP;Spot;4;false;0;Units;C;ECB concertation time 14:15 CET;2025-11-12;11.6495
B;Business;EUR;Euro;NOK;Norwegian krone;SP;Spot;4;false;0;Units;C;ECB concertation time 14:15 CET;2025-11-13;11.674
B;Business;EUR;Euro;NOK;Norwegian krone;SP;Spot;4;false;0;Units;C;ECB concertation time 14:15 CET;2025-11-14;11.7285
B;Business;EUR;Euro;NOK;Norwegian krone;SP;Spot;4;false;0;Units;C;ECB concertation time 14:15 CET;2025-11-17;11.7005
B;Business;EUR;Euro;NOK;Norwegian krone;SP;Spot;4;false;0;Units;C;ECB concertation time 14:15 CET;2025-11-18;11.7333
B;Business;EUR;Euro;NOK;Norwegian krone;SP;Spot;4;false;0;Units;C;ECB concertation time 14:15 CET;2025-11-19;11.748
B;Business;EUR;Euro;NOK;Norwegian krone;SP;Spot;4;false;0;Units;C;ECB concertation time 14:15 CET;2025-11-20;11.7405
B;Business;EUR;Euro;NOK;Norwegian krone;SP;Spot;4;false;0;Units;C;ECB concertation time 14:15 CET;2025-11-21;11.794
B;Business;EUR;Euro;NOK;Norwegian krone;SP;Spot;4;false;0;Units;C;ECB concertation time 14:15 CET;2025-11-24;11.7945
B;Business;EUR;Euro;NOK;Norwegian krone;SP;Spot;4;false;0;Units;C;ECB concertation time 14:15 CET;2025-11-25;11.848
B;Business;EUR;Euro;NOK;Norwegian krone;SP;Spot;4;false;0;Units;C;ECB concertation time 14:15 CET;2025-11-26;11.8468
B;Business;EUR;Euro;NOK;Norwegian krone;SP;Spot;4;false;0;Units;C;ECB concertation time 14:15 CET;2025-11-27;11.803
B;Business;EUR;Euro;NOK;Norwegian krone;SP;Spot;4;false;0;Units;C;ECB concertation time 14:15 CET;2025-11-28;11.7645
B;Business;EUR;Euro;NOK;Norwegian krone;SP;Spot;4;false;0;Units;C;ECB concertation time 14:15 CET;2025-12-01;11.771
B;Business;EUR;Euro;NOK;Norwegian krone;SP;Spot;4;false;0;Units;C;ECB concertation time 14:15 CET;2025-12-02;11.789
B;Business;EUR;Euro;NOK;Norwegian krone;SP;Spot;4;false;0;Units;C;ECB concertation time 14:15 CET;2025-12-03;11.758
B;Business;EUR;Euro;NOK;Norwegian krone;SP;Spot;4;false;0;Units;C;ECB concertation time 14:15 CET;2025-12-04;11.782
B;Business;EUR;Euro;NOK;Norwegian krone;SP;Spot;4;false;0;Units;C;ECB concertation time 14:15 CET;2025-12-05;11.755
B;Business;EUR;Euro;NOK;Norwegian krone;SP;Spot;4;false;0;Units;C;ECB concertation time 14:15 CET;2025-12-08;11.786
B;Business;EUR;Euro;NOK;Norwegian krone;SP;Spot;4;false;0;Units;C;ECB concertation time 14:15 CET;2025-12-09;11.7845
B;Business;EUR;Euro;NOK;Norwegian krone;SP;Spot;4;false;0;Units;C;ECB concertation time 14:15 CET;2025-12-10;11.809
B;Business;EUR;Euro;NOK;Norwegian krone;SP;Spot;4;false;0;Units;C;ECB concertation time 14:15 CET;2025-12-11;11.825
B;Business;EUR;Euro;NOK;Norwegian krone;SP;Spot;4;false;0;Units;C;ECB concertation time 14:15 CET;2025-12-12;11.856
B;Business;EUR;Euro;NOK;Norwegian krone;SP;Spot;4;false;0;Units;C;ECB concertation time 14:15 CET;2025-12-15;11.9075
B;Business;EUR;Euro;NOK;Norwegian krone;SP;Spot;4;false;0;Units;C;ECB concertation time 14:15 CET;2025-12-16;11.985
B;Business;EUR;Euro;NOK;Norwegian krone;SP;Spot;4;false;0;Units;C;ECB concertation time 14:15 CET;2025-12-17;11.9858
B;Business;EUR;Euro;NOK;Norwegian krone;SP;Spot;4;false;0;Units;C;ECB concertation time 14:15 CET;2025-12-18;11.9545
B;Business;EUR;Euro;NOK;Norwegian krone;SP;Spot;4;false;0;Units;C;ECB concertation time 14:15 CET;2025-12-19;11.915
B;Business;EUR;Euro;NOK;Norwegian krone;SP;Spot;4;false;0;Units;C;ECB concertation time 14:15 CET;2025-12-22;11.8875
B;Business;EUR;Euro;NOK;Norwegian krone;SP;Spot;4;false;0;Units;C;ECB concertation time 14:15 CET;2025-12-23;11.849
B;Business;EUR;Euro;NOK;Norwegian krone;SP;Spot;4;false;0;Units;C;ECB concertation time 14:15 CET;2025-12-29;11.827
B;Business;EUR;Euro;NOK;Norwegian krone;SP;Spot;4;false;0;Units;C;ECB concertation time 14:15 CET;2025-12-30;11.826
B;Business;EUR;Euro;NOK;Norwegian krone;SP;Spot;4;false;0;Units;C;ECB concertation time 14:15 CET;2025-12-31;11.843
